REGION,TECHNOLOGY,MODE_OF_OPERATION,YEAR,VALUE
REGION1,SEBF00I00,1,2015,27.51234251
REGION1,SEBF00I00,1,2016,27.43873938
REGION1,SEBF00I00,1,2017,27.36533316
REGION1,SEBF00I00,1,2018,27.29212332
REGION1,SEBF00I00,1,2019,27.21910934
REGION1,SEBF00I00,1,2020,27.13737408
REGION1,SEBF00I00,1,2021,27.02162225
REGION1,SEBF00I00,1,2022,26.90636414
REGION1,SEBF00I00,1,2023,26.79159766
REGION1,SEBF00I00,1,2024,26.6773207
REGION1,SEBF00I00,1,2025,26.56353118
REGION1,SEBF00I00,1,2026,26.45022702
REGION1,SEBF00I00,1,2027,26.33740615
REGION1,SEBF00I00,1,2028,26.2250665
REGION1,SEBF00I00,1,2029,26.11320603
REGION1,SEBF00I00,1,2030,25.97985575
REGION1,SEBF00I00,1,2031,25.93226889
REGION1,SEBF00I00,1,2032,25.88476919
REGION1,SEBF00I00,1,2033,25.83735649
REGION1,SEBF00I00,1,2034,25.79003064
REGION1,SEBF00I00,1,2035,25.74279148
REGION1,SEBF00I00,1,2036,25.69563884
REGION1,SEBF00I00,1,2037,25.64857257
REGION1,SEBF00I00,1,2038,25.60159251
REGION1,SEBF00I00,1,2039,25.55469851
REGION1,SEBF00I00,1,2040,25.50789039
REGION1,SEBF00I00,1,2041,25.46116802
REGION1,SEBF00I00,1,2042,25.41453123
REGION1,SEBF00I00,1,2043,25.36797986
REGION1,SEBF00I00,1,2044,25.32151376
REGION1,SEBF00I00,1,2045,25.27513277
REGION1,SEBF00I00,1,2046,25.22883673
REGION1,SEBF00I00,1,2047,25.1826255
REGION1,SEBF00I00,1,2048,25.1364989
REGION1,SEBF00I00,1,2049,25.0904568
REGION1,SEBF00I00,1,2050,25.02811846
REGION1,SEBF00I00,1,2051,25.00309035
REGION1,SEBF00I00,1,2052,24.97808726
REGION1,SEBF00I00,1,2053,24.95310917
REGION1,SEBF00I00,1,2054,24.92815606
REGION1,SEBF00I00,1,2055,24.9032279
REGION1,SEBF00I00,1,2056,24.89077629
REGION1,SEBF00I00,1,2057,24.8783309
REGION1,SEBF00I00,1,2058,24.86589174
REGION1,SEBF00I00,1,2059,24.85345879
REGION1,SEBF00I00,1,2060,24.84103206
REGION1,SEBF00X00,1,2015,25.01122047
REGION1,SEBF00X00,1,2016,24.94430853
REGION1,SEBF00X00,1,2017,24.8775756
REGION1,SEBF00X00,1,2018,24.8110212
REGION1,SEBF00X00,1,2019,24.74464485
REGION1,SEBF00X00,1,2020,24.67034007
REGION1,SEBF00X00,1,2021,24.56511113
REGION1,SEBF00X00,1,2022,24.46033104
REGION1,SEBF00X00,1,2023,24.35599787
REGION1,SEBF00X00,1,2024,24.25210973
REGION1,SEBF00X00,1,2025,24.14866471
REGION1,SEBF00X00,1,2026,24.04566093
REGION1,SEBF00X00,1,2027,23.9430965
REGION1,SEBF00X00,1,2028,23.84096955
REGION1,SEBF00X00,1,2029,23.73927821
REGION1,SEBF00X00,1,2030,23.61805069
REGION1,SEBF00X00,1,2031,23.5747899
REGION1,SEBF00X00,1,2032,23.53160835
REGION1,SEBF00X00,1,2033,23.4885059
REGION1,SEBF00X00,1,2034,23.4454824
REGION1,SEBF00X00,1,2035,23.40253771
REGION1,SEBF00X00,1,2036,23.35967167
REGION1,SEBF00X00,1,2037,23.31688415
REGION1,SEBF00X00,1,2038,23.27417501
REGION1,SEBF00X00,1,2039,23.2315441
REGION1,SEBF00X00,1,2040,23.18899127
REGION1,SEBF00X00,1,2041,23.14651638
REGION1,SEBF00X00,1,2042,23.1041193
REGION1,SEBF00X00,1,2043,23.06179987
REGION1,SEBF00X00,1,2044,23.01955796
REGION1,SEBF00X00,1,2045,22.97739342
REGION1,SEBF00X00,1,2046,22.93530612
REGION1,SEBF00X00,1,2047,22.8932959
REGION1,SEBF00X00,1,2048,22.85136264
REGION1,SEBF00X00,1,2049,22.80950618
REGION1,SEBF00X00,1,2050,22.75283497
REGION1,SEBF00X00,1,2051,22.73008213
REGION1,SEBF00X00,1,2052,22.70735205
REGION1,SEBF00X00,1,2053,22.6846447
REGION1,SEBF00X00,1,2054,22.66196005
REGION1,SEBF00X00,1,2055,22.63929809
REGION1,SEBF00X00,1,2056,22.62797844
REGION1,SEBF00X00,1,2057,22.61666446
REGION1,SEBF00X00,1,2058,22.60535612
REGION1,SEBF00X00,1,2059,22.59405344
REGION1,SEBF00X00,1,2060,22.58275642
REGION1,SEBM00I00,1,2015,4.655510125
REGION1,SEBM00I00,1,2016,4.655510125
REGION1,SEBM00I00,1,2017,4.655510125
REGION1,SEBM00I00,1,2018,4.655510125
REGION1,SEBM00I00,1,2019,4.655510125
REGION1,SEBM00I00,1,2020,4.655510125
REGION1,SEBM00I00,1,2021,4.655510125
REGION1,SEBM00I00,1,2022,4.655510125
REGION1,SEBM00I00,1,2023,4.655510125
REGION1,SEBM00I00,1,2024,4.655510125
REGION1,SEBM00I00,1,2025,4.655510125
REGION1,SEBM00I00,1,2026,4.655510125
REGION1,SEBM00I00,1,2027,4.655510125
REGION1,SEBM00I00,1,2028,4.655510125
REGION1,SEBM00I00,1,2029,4.655510125
REGION1,SEBM00I00,1,2030,4.655510125
REGION1,SEBM00I00,1,2031,4.655510125
REGION1,SEBM00I00,1,2032,4.655510125
REGION1,SEBM00I00,1,2033,4.655510125
REGION1,SEBM00I00,1,2034,4.655510125
REGION1,SEBM00I00,1,2035,4.655510125
REGION1,SEBM00I00,1,2036,4.655510125
REGION1,SEBM00I00,1,2037,4.655510125
REGION1,SEBM00I00,1,2038,4.655510125
REGION1,SEBM00I00,1,2039,4.655510125
REGION1,SEBM00I00,1,2040,4.655510125
REGION1,SEBM00I00,1,2041,4.655510125
REGION1,SEBM00I00,1,2042,4.655510125
REGION1,SEBM00I00,1,2043,4.655510125
REGION1,SEBM00I00,1,2044,4.655510125
REGION1,SEBM00I00,1,2045,4.655510125
REGION1,SEBM00I00,1,2046,4.655510125
REGION1,SEBM00I00,1,2047,4.655510125
REGION1,SEBM00I00,1,2048,4.655510125
REGION1,SEBM00I00,1,2049,4.655510125
REGION1,SEBM00I00,1,2050,4.655510125
REGION1,SEBM00I00,1,2051,4.655510125
REGION1,SEBM00I00,1,2052,4.655510125
REGION1,SEBM00I00,1,2053,4.655510125
REGION1,SEBM00I00,1,2054,4.655510125
REGION1,SEBM00I00,1,2055,4.655510125
REGION1,SEBM00I00,1,2056,4.655510125
REGION1,SEBM00I00,1,2057,4.655510125
REGION1,SEBM00I00,1,2058,4.655510125
REGION1,SEBM00I00,1,2059,4.655510125
REGION1,SEBM00I00,1,2060,4.655510125
REGION1,SEBM00X00,1,2015,2.327755063
REGION1,SEBM00X00,1,2016,2.327755063
REGION1,SEBM00X00,1,2017,2.327755063
REGION1,SEBM00X00,1,2018,2.327755063
REGION1,SEBM00X00,1,2019,2.327755063
REGION1,SEBM00X00,1,2020,2.327755063
REGION1,SEBM00X00,1,2021,2.327755063
REGION1,SEBM00X00,1,2022,2.327755063
REGION1,SEBM00X00,1,2023,2.327755063
REGION1,SEBM00X00,1,2024,2.327755063
REGION1,SEBM00X00,1,2025,2.327755063
REGION1,SEBM00X00,1,2026,2.327755063
REGION1,SEBM00X00,1,2027,2.327755063
REGION1,SEBM00X00,1,2028,2.327755063
REGION1,SEBM00X00,1,2029,2.327755063
REGION1,SEBM00X00,1,2030,2.327755063
REGION1,SEBM00X00,1,2031,2.327755063
REGION1,SEBM00X00,1,2032,2.327755063
REGION1,SEBM00X00,1,2033,2.327755063
REGION1,SEBM00X00,1,2034,2.327755063
REGION1,SEBM00X00,1,2035,2.327755063
REGION1,SEBM00X00,1,2036,2.327755063
REGION1,SEBM00X00,1,2037,2.327755063
REGION1,SEBM00X00,1,2038,2.327755063
REGION1,SEBM00X00,1,2039,2.327755063
REGION1,SEBM00X00,1,2040,2.327755063
REGION1,SEBM00X00,1,2041,2.327755063
REGION1,SEBM00X00,1,2042,2.327755063
REGION1,SEBM00X00,1,2043,2.327755063
REGION1,SEBM00X00,1,2044,2.327755063
REGION1,SEBM00X00,1,2045,2.327755063
REGION1,SEBM00X00,1,2046,2.327755063
REGION1,SEBM00X00,1,2047,2.327755063
REGION1,SEBM00X00,1,2048,2.327755063
REGION1,SEBM00X00,1,2049,2.327755063
REGION1,SEBM00X00,1,2050,2.327755063
REGION1,SEBM00X00,1,2051,2.327755063
REGION1,SEBM00X00,1,2052,2.327755063
REGION1,SEBM00X00,1,2053,2.327755063
REGION1,SEBM00X00,1,2054,2.327755063
REGION1,SEBM00X00,1,2055,2.327755063
REGION1,SEBM00X00,1,2056,2.327755063
REGION1,SEBM00X00,1,2057,2.327755063
REGION1,SEBM00X00,1,2058,2.327755063
REGION1,SEBM00X00,1,2059,2.327755063
REGION1,SEBM00X00,1,2060,2.327755063
REGION1,SEBMCCPH1,1,2015,0.008364
REGION1,SEBMCCPH1,1,2016,0.008364
REGION1,SEBMCCPH1,1,2017,0.008364
REGION1,SEBMCCPH1,1,2018,0.008364
REGION1,SEBMCCPH1,1,2019,0.008364
REGION1,SEBMCCPH1,1,2020,0.008364
REGION1,SEBMCCPH1,1,2021,0.008364
REGION1,SEBMCCPH1,1,2022,0.008364
REGION1,SEBMCCPH1,1,2023,0.008364
REGION1,SEBMCCPH1,1,2024,0.008364
REGION1,SEBMCCPH1,1,2025,0.008364
REGION1,SEBMCCPH1,1,2026,0.008364
REGION1,SEBMCCPH1,1,2027,0.008364
REGION1,SEBMCCPH1,1,2028,0.008364
REGION1,SEBMCCPH1,1,2029,0.008364
REGION1,SEBMCCPH1,1,2030,0.008364
REGION1,SEBMCCPH1,1,2031,0.008364
REGION1,SEBMCCPH1,1,2032,0.008364
REGION1,SEBMCCPH1,1,2033,0.008364
REGION1,SEBMCCPH1,1,2034,0.008364
REGION1,SEBMCCPH1,1,2035,0.008364
REGION1,SEBMCCPH1,1,2036,0.008364
REGION1,SEBMCCPH1,1,2037,0.008364
REGION1,SEBMCCPH1,1,2038,0.008364
REGION1,SEBMCCPH1,1,2039,0.008364
REGION1,SEBMCCPH1,1,2040,0.008364
REGION1,SEBMCCPH1,1,2041,0.008364
REGION1,SEBMCCPH1,1,2042,0.008364
REGION1,SEBMCCPH1,1,2043,0.008364
REGION1,SEBMCCPH1,1,2044,0.008364
REGION1,SEBMCCPH1,1,2045,0.008364
REGION1,SEBMCCPH1,1,2046,0.008364
REGION1,SEBMCCPH1,1,2047,0.008364
REGION1,SEBMCCPH1,1,2048,0.008364
REGION1,SEBMCCPH1,1,2049,0.008364
REGION1,SEBMCCPH1,1,2050,0.008364
REGION1,SEBMCCPH1,1,2051,0.008364
REGION1,SEBMCCPH1,1,2052,0.008364
REGION1,SEBMCCPH1,1,2053,0.008364
REGION1,SEBMCCPH1,1,2054,0.008364
REGION1,SEBMCCPH1,1,2055,0.008364
REGION1,SEBMCCPH1,1,2056,0.008364
REGION1,SEBMCCPH1,1,2057,0.008364
REGION1,SEBMCCPH1,1,2058,0.008364
REGION1,SEBMCCPH1,1,2059,0.008364
REGION1,SEBMCCPH1,1,2060,0.008364
REGION1,SECO00I00,1,2015,2.61450974
REGION1,SECO00I00,1,2016,2.696567808
REGION1,SECO00I00,1,2017,2.778625877
REGION1,SECO00I00,1,2018,2.860683946
REGION1,SECO00I00,1,2019,2.942742014
REGION1,SECO00I00,1,2020,3.024800083
REGION1,SECO00I00,1,2021,3.102056881
REGION1,SECO00I00,1,2022,3.17931368
REGION1,SECO00I00,1,2023,3.256570479
REGION1,SECO00I00,1,2024,3.333827277
REGION1,SECO00I00,1,2025,3.411084076
REGION1,SECO00I00,1,2026,3.488340875
REGION1,SECO00I00,1,2027,3.565597673
REGION1,SECO00I00,1,2028,3.642854472
REGION1,SECO00I00,1,2029,3.720111271
REGION1,SECO00I00,1,2030,3.797368069
REGION1,SECO00I00,1,2031,3.797368069
REGION1,SECO00I00,1,2032,3.797368069
REGION1,SECO00I00,1,2033,3.797368069
REGION1,SECO00I00,1,2034,3.797368069
REGION1,SECO00I00,1,2035,3.797368069
REGION1,SECO00I00,1,2036,3.797368069
REGION1,SECO00I00,1,2037,3.797368069
REGION1,SECO00I00,1,2038,3.797368069
REGION1,SECO00I00,1,2039,3.797368069
REGION1,SECO00I00,1,2040,3.797368069
REGION1,SECO00I00,1,2041,3.797368069
REGION1,SECO00I00,1,2042,3.797368069
REGION1,SECO00I00,1,2043,3.797368069
REGION1,SECO00I00,1,2044,3.797368069
REGION1,SECO00I00,1,2045,3.797368069
REGION1,SECO00I00,1,2046,3.797368069
REGION1,SECO00I00,1,2047,3.797368069
REGION1,SECO00I00,1,2048,3.797368069
REGION1,SECO00I00,1,2049,3.797368069
REGION1,SECO00I00,1,2050,3.797368069
REGION1,SECO00I00,1,2051,3.797368069
REGION1,SECO00I00,1,2052,3.797368069
REGION1,SECO00I00,1,2053,3.797368069
REGION1,SECO00I00,1,2054,3.797368069
REGION1,SECO00I00,1,2055,3.797368069
REGION1,SECO00I00,1,2056,3.797368069
REGION1,SECO00I00,1,2057,3.797368069
REGION1,SECO00I00,1,2058,3.797368069
REGION1,SECO00I00,1,2059,3.797368069
REGION1,SECO00I00,1,2060,3.797368069
REGION1,SECO00X00,1,2015,2.353058766
REGION1,SECO00X00,1,2016,2.426911027
REGION1,SECO00X00,1,2017,2.500763289
REGION1,SECO00X00,1,2018,2.574615551
REGION1,SECO00X00,1,2019,2.648467813
REGION1,SECO00X00,1,2020,2.722320074
REGION1,SECO00X00,1,2021,2.791851193
REGION1,SECO00X00,1,2022,2.861382312
REGION1,SECO00X00,1,2023,2.930913431
REGION1,SECO00X00,1,2024,3.00044455
REGION1,SECO00X00,1,2025,3.069975668
REGION1,SECO00X00,1,2026,3.139506787
REGION1,SECO00X00,1,2027,3.209037906
REGION1,SECO00X00,1,2028,3.278569025
REGION1,SECO00X00,1,2029,3.348100144
REGION1,SECO00X00,1,2030,3.417631262
REGION1,SECO00X00,1,2031,3.417631262
REGION1,SECO00X00,1,2032,3.417631262
REGION1,SECO00X00,1,2033,3.417631262
REGION1,SECO00X00,1,2034,3.417631262
REGION1,SECO00X00,1,2035,3.417631262
REGION1,SECO00X00,1,2036,3.417631262
REGION1,SECO00X00,1,2037,3.417631262
REGION1,SECO00X00,1,2038,3.417631262
REGION1,SECO00X00,1,2039,3.417631262
REGION1,SECO00X00,1,2040,3.417631262
REGION1,SECO00X00,1,2041,3.417631262
REGION1,SECO00X00,1,2042,3.417631262
REGION1,SECO00X00,1,2043,3.417631262
REGION1,SECO00X00,1,2044,3.417631262
REGION1,SECO00X00,1,2045,3.417631262
REGION1,SECO00X00,1,2046,3.417631262
REGION1,SECO00X00,1,2047,3.417631262
REGION1,SECO00X00,1,2048,3.417631262
REGION1,SECO00X00,1,2049,3.417631262
REGION1,SECO00X00,1,2050,3.417631262
REGION1,SECO00X00,1,2051,3.417631262
REGION1,SECO00X00,1,2052,3.417631262
REGION1,SECO00X00,1,2053,3.417631262
REGION1,SECO00X00,1,2054,3.417631262
REGION1,SECO00X00,1,2055,3.417631262
REGION1,SECO00X00,1,2056,3.417631262
REGION1,SECO00X00,1,2057,3.417631262
REGION1,SECO00X00,1,2058,3.417631262
REGION1,SECO00X00,1,2059,3.417631262
REGION1,SECO00X00,1,2060,3.417631262
REGION1,SECOCHPH3,1,2015,0.005202
REGION1,SECOCHPH3,1,2016,0.005202
REGION1,SECOCHPH3,1,2017,0.005202
REGION1,SECOCHPH3,1,2018,0.005202
REGION1,SECOCHPH3,1,2019,0.005202
REGION1,SECOCHPH3,1,2020,0.005202
REGION1,SECOCHPH3,1,2021,0.005202
REGION1,SECOCHPH3,1,2022,0.005202
REGION1,SECOCHPH3,1,2023,0.005202
REGION1,SECOCHPH3,1,2024,0.005202
REGION1,SECOCHPH3,1,2025,0.005202
REGION1,SECOCHPH3,1,2026,0.005202
REGION1,SECOCHPH3,1,2027,0.005202
REGION1,SECOCHPH3,1,2028,0.005202
REGION1,SECOCHPH3,1,2029,0.005202
REGION1,SECOCHPH3,1,2030,0.005202
REGION1,SECOCHPH3,1,2031,0.005202
REGION1,SECOCHPH3,1,2032,0.005202
REGION1,SECOCHPH3,1,2033,0.005202
REGION1,SECOCHPH3,1,2034,0.005202
REGION1,SECOCHPH3,1,2035,0.005202
REGION1,SECOCHPH3,1,2036,0.005202
REGION1,SECOCHPH3,1,2037,0.005202
REGION1,SECOCHPH3,1,2038,0.005202
REGION1,SECOCHPH3,1,2039,0.005202
REGION1,SECOCHPH3,1,2040,0.005202
REGION1,SECOCHPH3,1,2041,0.005202
REGION1,SECOCHPH3,1,2042,0.005202
REGION1,SECOCHPH3,1,2043,0.005202
REGION1,SECOCHPH3,1,2044,0.005202
REGION1,SECOCHPH3,1,2045,0.005202
REGION1,SECOCHPH3,1,2046,0.005202
REGION1,SECOCHPH3,1,2047,0.005202
REGION1,SECOCHPH3,1,2048,0.005202
REGION1,SECOCHPH3,1,2049,0.005202
REGION1,SECOCHPH3,1,2050,0.005202
REGION1,SECOCHPH3,1,2051,0.005202
REGION1,SECOCHPH3,1,2052,0.005202
REGION1,SECOCHPH3,1,2053,0.005202
REGION1,SECOCHPH3,1,2054,0.005202
REGION1,SECOCHPH3,1,2055,0.005202
REGION1,SECOCHPH3,1,2056,0.005202
REGION1,SECOCHPH3,1,2057,0.005202
REGION1,SECOCHPH3,1,2058,0.005202
REGION1,SECOCHPH3,1,2059,0.005202
REGION1,SECOCHPH3,1,2060,0.005202
REGION1,SEHF00I00,1,2015,8.848033205
REGION1,SEHF00I00,1,2016,9.129238908
REGION1,SEHF00I00,1,2017,9.410444611
REGION1,SEHF00I00,1,2018,9.691650314
REGION1,SEHF00I00,1,2019,9.972856017
REGION1,SEHF00I00,1,2020,10.25406172
REGION1,SEHF00I00,1,2021,10.67628779
REGION1,SEHF00I00,1,2022,11.09851386
REGION1,SEHF00I00,1,2023,11.52073993
REGION1,SEHF00I00,1,2024,11.942966
REGION1,SEHF00I00,1,2025,12.36519207
REGION1,SEHF00I00,1,2026,12.78741814
REGION1,SEHF00I00,1,2027,13.20964421
REGION1,SEHF00I00,1,2028,13.63187029
REGION1,SEHF00I00,1,2029,14.05409636
REGION1,SEHF00I00,1,2030,14.47632243
REGION1,SEHF00I00,1,2031,14.47632243
REGION1,SEHF00I00,1,2032,14.47632243
REGION1,SEHF00I00,1,2033,14.47632243
REGION1,SEHF00I00,1,2034,14.47632243
REGION1,SEHF00I00,1,2035,14.47632243
REGION1,SEHF00I00,1,2036,14.47632243
REGION1,SEHF00I00,1,2037,14.47632243
REGION1,SEHF00I00,1,2038,14.47632243
REGION1,SEHF00I00,1,2039,14.47632243
REGION1,SEHF00I00,1,2040,14.47632243
REGION1,SEHF00I00,1,2041,14.47632243
REGION1,SEHF00I00,1,2042,14.47632243
REGION1,SEHF00I00,1,2043,14.47632243
REGION1,SEHF00I00,1,2044,14.47632243
REGION1,SEHF00I00,1,2045,14.47632243
REGION1,SEHF00I00,1,2046,14.47632243
REGION1,SEHF00I00,1,2047,14.47632243
REGION1,SEHF00I00,1,2048,14.47632243
REGION1,SEHF00I00,1,2049,14.47632243
REGION1,SEHF00I00,1,2050,14.47632243
REGION1,SEHF00I00,1,2051,14.47632243
REGION1,SEHF00I00,1,2052,14.47632243
REGION1,SEHF00I00,1,2053,14.47632243
REGION1,SEHF00I00,1,2054,14.47632243
REGION1,SEHF00I00,1,2055,14.47632243
REGION1,SEHF00I00,1,2056,14.47632243
REGION1,SEHF00I00,1,2057,14.47632243
REGION1,SEHF00I00,1,2058,14.47632243
REGION1,SEHF00I00,1,2059,14.47632243
REGION1,SEHF00I00,1,2060,14.47632243
REGION1,SEHFCCPH2,1,2015,0.00204
REGION1,SEHFCCPH2,1,2016,0.00204
REGION1,SEHFCCPH2,1,2017,0.00204
REGION1,SEHFCCPH2,1,2018,0.00204
REGION1,SEHFCCPH2,1,2019,0.00204
REGION1,SEHFCCPH2,1,2020,0.00204
REGION1,SEHFCCPH2,1,2021,0.00204
REGION1,SEHFCCPH2,1,2022,0.00204
REGION1,SEHFCCPH2,1,2023,0.00204
REGION1,SEHFCCPH2,1,2024,0.00204
REGION1,SEHFCCPH2,1,2025,0.00204
REGION1,SEHFCCPH2,1,2026,0.00204
REGION1,SEHFCCPH2,1,2027,0.00204
REGION1,SEHFCCPH2,1,2028,0.00204
REGION1,SEHFCCPH2,1,2029,0.00204
REGION1,SEHFCCPH2,1,2030,0.00204
REGION1,SEHFCCPH2,1,2031,0.00204
REGION1,SEHFCCPH2,1,2032,0.00204
REGION1,SEHFCCPH2,1,2033,0.00204
REGION1,SEHFCCPH2,1,2034,0.00204
REGION1,SEHFCCPH2,1,2035,0.00204
REGION1,SEHFCCPH2,1,2036,0.00204
REGION1,SEHFCCPH2,1,2037,0.00204
REGION1,SEHFCCPH2,1,2038,0.00204
REGION1,SEHFCCPH2,1,2039,0.00204
REGION1,SEHFCCPH2,1,2040,0.00204
REGION1,SEHFCCPH2,1,2041,0.00204
REGION1,SEHFCCPH2,1,2042,0.00204
REGION1,SEHFCCPH2,1,2043,0.00204
REGION1,SEHFCCPH2,1,2044,0.00204
REGION1,SEHFCCPH2,1,2045,0.00204
REGION1,SEHFCCPH2,1,2046,0.00204
REGION1,SEHFCCPH2,1,2047,0.00204
REGION1,SEHFCCPH2,1,2048,0.00204
REGION1,SEHFCCPH2,1,2049,0.00204
REGION1,SEHFCCPH2,1,2050,0.00204
REGION1,SEHFCCPH2,1,2051,0.00204
REGION1,SEHFCCPH2,1,2052,0.00204
REGION1,SEHFCCPH2,1,2053,0.00204
REGION1,SEHFCCPH2,1,2054,0.00204
REGION1,SEHFCCPH2,1,2055,0.00204
REGION1,SEHFCCPH2,1,2056,0.00204
REGION1,SEHFCCPH2,1,2057,0.00204
REGION1,SEHFCCPH2,1,2058,0.00204
REGION1,SEHFCCPH2,1,2059,0.00204
REGION1,SEHFCCPH2,1,2060,0.00204
REGION1,SEHFGCPH3,1,2015,0.01326
REGION1,SEHFGCPH3,1,2016,0.01326
REGION1,SEHFGCPH3,1,2017,0.01326
REGION1,SEHFGCPH3,1,2018,0.01326
REGION1,SEHFGCPH3,1,2019,0.01326
REGION1,SEHFGCPH3,1,2020,0.01326
REGION1,SEHFGCPH3,1,2021,0.01326
REGION1,SEHFGCPH3,1,2022,0.01326
REGION1,SEHFGCPH3,1,2023,0.01326
REGION1,SEHFGCPH3,1,2024,0.01326
REGION1,SEHFGCPH3,1,2025,0.01326
REGION1,SEHFGCPH3,1,2026,0.01326
REGION1,SEHFGCPH3,1,2027,0.01326
REGION1,SEHFGCPH3,1,2028,0.01326
REGION1,SEHFGCPH3,1,2029,0.01326
REGION1,SEHFGCPH3,1,2030,0.01326
REGION1,SEHFGCPH3,1,2031,0.01326
REGION1,SEHFGCPH3,1,2032,0.01326
REGION1,SEHFGCPH3,1,2033,0.01326
REGION1,SEHFGCPH3,1,2034,0.01326
REGION1,SEHFGCPH3,1,2035,0.01326
REGION1,SEHFGCPH3,1,2036,0.01326
REGION1,SEHFGCPH3,1,2037,0.01326
REGION1,SEHFGCPH3,1,2038,0.01326
REGION1,SEHFGCPH3,1,2039,0.01326
REGION1,SEHFGCPH3,1,2040,0.01326
REGION1,SEHFGCPH3,1,2041,0.01326
REGION1,SEHFGCPH3,1,2042,0.01326
REGION1,SEHFGCPH3,1,2043,0.01326
REGION1,SEHFGCPH3,1,2044,0.01326
REGION1,SEHFGCPH3,1,2045,0.01326
REGION1,SEHFGCPH3,1,2046,0.01326
REGION1,SEHFGCPH3,1,2047,0.01326
REGION1,SEHFGCPH3,1,2048,0.01326
REGION1,SEHFGCPH3,1,2049,0.01326
REGION1,SEHFGCPH3,1,2050,0.01326
REGION1,SEHFGCPH3,1,2051,0.01326
REGION1,SEHFGCPH3,1,2052,0.01326
REGION1,SEHFGCPH3,1,2053,0.01326
REGION1,SEHFGCPH3,1,2054,0.01326
REGION1,SEHFGCPH3,1,2055,0.01326
REGION1,SEHFGCPH3,1,2056,0.01326
REGION1,SEHFGCPH3,1,2057,0.01326
REGION1,SEHFGCPH3,1,2058,0.01326
REGION1,SEHFGCPH3,1,2059,0.01326
REGION1,SEHFGCPH3,1,2060,0.01326
REGION1,SEHFGCPN3,1,2015,0.01122
REGION1,SEHFGCPN3,1,2016,0.01122
REGION1,SEHFGCPN3,1,2017,0.01122
REGION1,SEHFGCPN3,1,2018,0.01122
REGION1,SEHFGCPN3,1,2019,0.01122
REGION1,SEHFGCPN3,1,2020,0.01122
REGION1,SEHFGCPN3,1,2021,0.01122
REGION1,SEHFGCPN3,1,2022,0.01122
REGION1,SEHFGCPN3,1,2023,0.01122
REGION1,SEHFGCPN3,1,2024,0.01122
REGION1,SEHFGCPN3,1,2025,0.01122
REGION1,SEHFGCPN3,1,2026,0.01122
REGION1,SEHFGCPN3,1,2027,0.01122
REGION1,SEHFGCPN3,1,2028,0.01122
REGION1,SEHFGCPN3,1,2029,0.01122
REGION1,SEHFGCPN3,1,2030,0.01122
REGION1,SEHFGCPN3,1,2031,0.01122
REGION1,SEHFGCPN3,1,2032,0.01122
REGION1,SEHFGCPN3,1,2033,0.01122
REGION1,SEHFGCPN3,1,2034,0.01122
REGION1,SEHFGCPN3,1,2035,0.01122
REGION1,SEHFGCPN3,1,2036,0.01122
REGION1,SEHFGCPN3,1,2037,0.01122
REGION1,SEHFGCPN3,1,2038,0.01122
REGION1,SEHFGCPN3,1,2039,0.01122
REGION1,SEHFGCPN3,1,2040,0.01122
REGION1,SEHFGCPN3,1,2041,0.01122
REGION1,SEHFGCPN3,1,2042,0.01122
REGION1,SEHFGCPN3,1,2043,0.01122
REGION1,SEHFGCPN3,1,2044,0.01122
REGION1,SEHFGCPN3,1,2045,0.01122
REGION1,SEHFGCPN3,1,2046,0.01122
REGION1,SEHFGCPN3,1,2047,0.01122
REGION1,SEHFGCPN3,1,2048,0.01122
REGION1,SEHFGCPN3,1,2049,0.01122
REGION1,SEHFGCPN3,1,2050,0.01122
REGION1,SEHFGCPN3,1,2051,0.01122
REGION1,SEHFGCPN3,1,2052,0.01122
REGION1,SEHFGCPN3,1,2053,0.01122
REGION1,SEHFGCPN3,1,2054,0.01122
REGION1,SEHFGCPN3,1,2055,0.01122
REGION1,SEHFGCPN3,1,2056,0.01122
REGION1,SEHFGCPN3,1,2057,0.01122
REGION1,SEHFGCPN3,1,2058,0.01122
REGION1,SEHFGCPN3,1,2059,0.01122
REGION1,SEHFGCPN3,1,2060,0.01122
REGION1,SEHFHPFH1,1,2015,0.0153
REGION1,SEHFHPFH1,1,2016,0.015322598
REGION1,SEHFHPFH1,1,2017,0.015322598
REGION1,SEHFHPFH1,1,2018,0.015322598
REGION1,SEHFHPFH1,1,2019,0.015322598
REGION1,SEHFHPFH1,1,2020,0.015322598
REGION1,SEHFHPFH1,1,2021,0.015322598
REGION1,SEHFHPFH1,1,2022,0.015322598
REGION1,SEHFHPFH1,1,2023,0.015322598
REGION1,SEHFHPFH1,1,2024,0.015322598
REGION1,SEHFHPFH1,1,2025,0.015322598
REGION1,SEHFHPFH1,1,2026,0.015322598
REGION1,SEHFHPFH1,1,2027,0.015322598
REGION1,SEHFHPFH1,1,2028,0.015322598
REGION1,SEHFHPFH1,1,2029,0.015322598
REGION1,SEHFHPFH1,1,2030,0.015322598
REGION1,SEHFHPFH1,1,2031,0.015322598
REGION1,SEHFHPFH1,1,2032,0.015322598
REGION1,SEHFHPFH1,1,2033,0.015322598
REGION1,SEHFHPFH1,1,2034,0.015322598
REGION1,SEHFHPFH1,1,2035,0.015322598
REGION1,SEHFHPFH1,1,2036,0.015322598
REGION1,SEHFHPFH1,1,2037,0.015322598
REGION1,SEHFHPFH1,1,2038,0.015322598
REGION1,SEHFHPFH1,1,2039,0.015322598
REGION1,SEHFHPFH1,1,2040,0.015322598
REGION1,SEHFHPFH1,1,2041,0.015322598
REGION1,SEHFHPFH1,1,2042,0.015322598
REGION1,SEHFHPFH1,1,2043,0.015322598
REGION1,SEHFHPFH1,1,2044,0.015322598
REGION1,SEHFHPFH1,1,2045,0.015322598
REGION1,SEHFHPFH1,1,2046,0.015322598
REGION1,SEHFHPFH1,1,2047,0.015322598
REGION1,SEHFHPFH1,1,2048,0.015322598
REGION1,SEHFHPFH1,1,2049,0.015322598
REGION1,SEHFHPFH1,1,2050,0.015322598
REGION1,SEHFHPFH1,1,2051,0.015322598
REGION1,SEHFHPFH1,1,2052,0.015322598
REGION1,SEHFHPFH1,1,2053,0.015322598
REGION1,SEHFHPFH1,1,2054,0.015322598
REGION1,SEHFHPFH1,1,2055,0.015322598
REGION1,SEHFHPFH1,1,2056,0.015322598
REGION1,SEHFHPFH1,1,2057,0.015322598
REGION1,SEHFHPFH1,1,2058,0.015322598
REGION1,SEHFHPFH1,1,2059,0.015322598
REGION1,SEHFHPFH1,1,2060,0.015322598
REGION1,SEHFHPPH2,1,2015,0.015322598
REGION1,SEHFHPPH2,1,2016,0.015322598
REGION1,SEHFHPPH2,1,2017,0.015322598
REGION1,SEHFHPPH2,1,2018,0.015322598
REGION1,SEHFHPPH2,1,2019,0.015322598
REGION1,SEHFHPPH2,1,2020,0.015322598
REGION1,SEHFHPPH2,1,2021,0.015322598
REGION1,SEHFHPPH2,1,2022,0.015322598
REGION1,SEHFHPPH2,1,2023,0.015322598
REGION1,SEHFHPPH2,1,2024,0.015322598
REGION1,SEHFHPPH2,1,2025,0.015322598
REGION1,SEHFHPPH2,1,2026,0.015322598
REGION1,SEHFHPPH2,1,2027,0.015322598
REGION1,SEHFHPPH2,1,2028,0.015322598
REGION1,SEHFHPPH2,1,2029,0.015322598
REGION1,SEHFHPPH2,1,2030,0.015322598
REGION1,SEHFHPPH2,1,2031,0.015322598
REGION1,SEHFHPPH2,1,2032,0.015322598
REGION1,SEHFHPPH2,1,2033,0.015322598
REGION1,SEHFHPPH2,1,2034,0.015322598
REGION1,SEHFHPPH2,1,2035,0.015322598
REGION1,SEHFHPPH2,1,2036,0.015322598
REGION1,SEHFHPPH2,1,2037,0.015322598
REGION1,SEHFHPPH2,1,2038,0.015322598
REGION1,SEHFHPPH2,1,2039,0.015322598
REGION1,SEHFHPPH2,1,2040,0.015322598
REGION1,SEHFHPPH2,1,2041,0.015322598
REGION1,SEHFHPPH2,1,2042,0.015322598
REGION1,SEHFHPPH2,1,2043,0.015322598
REGION1,SEHFHPPH2,1,2044,0.015322598
REGION1,SEHFHPPH2,1,2045,0.015322598
REGION1,SEHFHPPH2,1,2046,0.015322598
REGION1,SEHFHPPH2,1,2047,0.015322598
REGION1,SEHFHPPH2,1,2048,0.015322598
REGION1,SEHFHPPH2,1,2049,0.015322598
REGION1,SEHFHPPH2,1,2050,0.015322598
REGION1,SEHFHPPH2,1,2051,0.015322598
REGION1,SEHFHPPH2,1,2052,0.015322598
REGION1,SEHFHPPH2,1,2053,0.015322598
REGION1,SEHFHPPH2,1,2054,0.015322598
REGION1,SEHFHPPH2,1,2055,0.015322598
REGION1,SEHFHPPH2,1,2056,0.015322598
REGION1,SEHFHPPH2,1,2057,0.015322598
REGION1,SEHFHPPH2,1,2058,0.015322598
REGION1,SEHFHPPH2,1,2059,0.015322598
REGION1,SEHFHPPH2,1,2060,0.015322598
REGION1,SENG00I00,1,2015,6.13753634
REGION1,SENG00I00,1,2016,6.26812222
REGION1,SENG00I00,1,2017,6.398708099999999
REGION1,SENG00I00,1,2018,6.529293979
REGION1,SENG00I00,1,2019,6.659879859
REGION1,SENG00I00,1,2020,6.790465737999999
REGION1,SENG00I00,1,2021,6.999403146000001
REGION1,SENG00I00,1,2022,7.208340552999999
REGION1,SENG00I00,1,2023,7.41727796
REGION1,SENG00I00,1,2024,7.626215368
REGION1,SENG00I00,1,2025,7.835152775
REGION1,SENG00I00,1,2026,8.044090182
REGION1,SENG00I00,1,2027,8.25302759
REGION1,SENG00I00,1,2028,8.461964997
REGION1,SENG00I00,1,2029,8.670902404
REGION1,SENG00I00,1,2030,8.879839812
REGION1,SENG00I00,1,2031,8.879839812
REGION1,SENG00I00,1,2032,8.879839812
REGION1,SENG00I00,1,2033,8.879839812
REGION1,SENG00I00,1,2034,8.879839812
REGION1,SENG00I00,1,2035,8.879839812
REGION1,SENG00I00,1,2036,8.879839812
REGION1,SENG00I00,1,2037,8.879839812
REGION1,SENG00I00,1,2038,8.879839812
REGION1,SENG00I00,1,2039,8.879839812
REGION1,SENG00I00,1,2040,8.879839812
REGION1,SENG00I00,1,2041,8.879839812
REGION1,SENG00I00,1,2042,8.879839812
REGION1,SENG00I00,1,2043,8.879839812
REGION1,SENG00I00,1,2044,8.879839812
REGION1,SENG00I00,1,2045,8.879839812
REGION1,SENG00I00,1,2046,8.879839812
REGION1,SENG00I00,1,2047,8.879839812
REGION1,SENG00I00,1,2048,8.879839812
REGION1,SENG00I00,1,2049,8.879839812
REGION1,SENG00I00,1,2050,8.879839812
REGION1,SENG00I00,1,2051,8.879839812
REGION1,SENG00I00,1,2052,8.879839812
REGION1,SENG00I00,1,2053,8.879839812
REGION1,SENG00I00,1,2054,8.879839812
REGION1,SENG00I00,1,2055,8.879839812
REGION1,SENG00I00,1,2056,8.879839812
REGION1,SENG00I00,1,2057,8.879839812
REGION1,SENG00I00,1,2058,8.879839812
REGION1,SENG00I00,1,2059,8.879839812
REGION1,SENG00I00,1,2060,8.879839812
REGION1,SENGCCPH2,1,2015,0.00204
REGION1,SENGCCPH2,1,2016,0.00204
REGION1,SENGCCPH2,1,2017,0.00204
REGION1,SENGCCPH2,1,2018,0.00204
REGION1,SENGCCPH2,1,2019,0.00204
REGION1,SENGCCPH2,1,2020,0.00204
REGION1,SENGCCPH2,1,2021,0.00204
REGION1,SENGCCPH2,1,2022,0.00204
REGION1,SENGCCPH2,1,2023,0.00204
REGION1,SENGCCPH2,1,2024,0.00204
REGION1,SENGCCPH2,1,2025,0.00204
REGION1,SENGCCPH2,1,2026,0.00204
REGION1,SENGCCPH2,1,2027,0.00204
REGION1,SENGCCPH2,1,2028,0.00204
REGION1,SENGCCPH2,1,2029,0.00204
REGION1,SENGCCPH2,1,2030,0.00204
REGION1,SENGCCPH2,1,2031,0.00204
REGION1,SENGCCPH2,1,2032,0.00204
REGION1,SENGCCPH2,1,2033,0.00204
REGION1,SENGCCPH2,1,2034,0.00204
REGION1,SENGCCPH2,1,2035,0.00204
REGION1,SENGCCPH2,1,2036,0.00204
REGION1,SENGCCPH2,1,2037,0.00204
REGION1,SENGCCPH2,1,2038,0.00204
REGION1,SENGCCPH2,1,2039,0.00204
REGION1,SENGCCPH2,1,2040,0.00204
REGION1,SENGCCPH2,1,2041,0.00204
REGION1,SENGCCPH2,1,2042,0.00204
REGION1,SENGCCPH2,1,2043,0.00204
REGION1,SENGCCPH2,1,2044,0.00204
REGION1,SENGCCPH2,1,2045,0.00204
REGION1,SENGCCPH2,1,2046,0.00204
REGION1,SENGCCPH2,1,2047,0.00204
REGION1,SENGCCPH2,1,2048,0.00204
REGION1,SENGCCPH2,1,2049,0.00204
REGION1,SENGCCPH2,1,2050,0.00204
REGION1,SENGCCPH2,1,2051,0.00204
REGION1,SENGCCPH2,1,2052,0.00204
REGION1,SENGCCPH2,1,2053,0.00204
REGION1,SENGCCPH2,1,2054,0.00204
REGION1,SENGCCPH2,1,2055,0.00204
REGION1,SENGCCPH2,1,2056,0.00204
REGION1,SENGCCPH2,1,2057,0.00204
REGION1,SENGCCPH2,1,2058,0.00204
REGION1,SENGCCPH2,1,2059,0.00204
REGION1,SENGCCPH2,1,2060,0.00204
REGION1,SENGCHPH3,1,2015,0.002448
REGION1,SENGCHPH3,1,2016,0.002448
REGION1,SENGCHPH3,1,2017,0.002448
REGION1,SENGCHPH3,1,2018,0.002448
REGION1,SENGCHPH3,1,2019,0.002448
REGION1,SENGCHPH3,1,2020,0.002448
REGION1,SENGCHPH3,1,2021,0.002448
REGION1,SENGCHPH3,1,2022,0.002448
REGION1,SENGCHPH3,1,2023,0.002448
REGION1,SENGCHPH3,1,2024,0.002448
REGION1,SENGCHPH3,1,2025,0.002448
REGION1,SENGCHPH3,1,2026,0.002448
REGION1,SENGCHPH3,1,2027,0.002448
REGION1,SENGCHPH3,1,2028,0.002448
REGION1,SENGCHPH3,1,2029,0.002448
REGION1,SENGCHPH3,1,2030,0.002448
REGION1,SENGCHPH3,1,2031,0.002448
REGION1,SENGCHPH3,1,2032,0.002448
REGION1,SENGCHPH3,1,2033,0.002448
REGION1,SENGCHPH3,1,2034,0.002448
REGION1,SENGCHPH3,1,2035,0.002448
REGION1,SENGCHPH3,1,2036,0.002448
REGION1,SENGCHPH3,1,2037,0.002448
REGION1,SENGCHPH3,1,2038,0.002448
REGION1,SENGCHPH3,1,2039,0.002448
REGION1,SENGCHPH3,1,2040,0.002448
REGION1,SENGCHPH3,1,2041,0.002448
REGION1,SENGCHPH3,1,2042,0.002448
REGION1,SENGCHPH3,1,2043,0.002448
REGION1,SENGCHPH3,1,2044,0.002448
REGION1,SENGCHPH3,1,2045,0.002448
REGION1,SENGCHPH3,1,2046,0.002448
REGION1,SENGCHPH3,1,2047,0.002448
REGION1,SENGCHPH3,1,2048,0.002448
REGION1,SENGCHPH3,1,2049,0.002448
REGION1,SENGCHPH3,1,2050,0.002448
REGION1,SENGCHPH3,1,2051,0.002448
REGION1,SENGCHPH3,1,2052,0.002448
REGION1,SENGCHPH3,1,2053,0.002448
REGION1,SENGCHPH3,1,2054,0.002448
REGION1,SENGCHPH3,1,2055,0.002448
REGION1,SENGCHPH3,1,2056,0.002448
REGION1,SENGCHPH3,1,2057,0.002448
REGION1,SENGCHPH3,1,2058,0.002448
REGION1,SENGCHPH3,1,2059,0.002448
REGION1,SENGCHPH3,1,2060,0.002448
REGION1,SENGCHPN3,1,2015,0.0040799999999999
REGION1,SENGCHPN3,1,2016,0.0040799999999999
REGION1,SENGCHPN3,1,2017,0.0040799999999999
REGION1,SENGCHPN3,1,2018,0.0040799999999999
REGION1,SENGCHPN3,1,2019,0.0040799999999999
REGION1,SENGCHPN3,1,2020,0.0040799999999999
REGION1,SENGCHPN3,1,2021,0.0040799999999999
REGION1,SENGCHPN3,1,2022,0.0040799999999999
REGION1,SENGCHPN3,1,2023,0.0040799999999999
REGION1,SENGCHPN3,1,2024,0.0040799999999999
REGION1,SENGCHPN3,1,2025,0.0040799999999999
REGION1,SENGCHPN3,1,2026,0.0040799999999999
REGION1,SENGCHPN3,1,2027,0.0040799999999999
REGION1,SENGCHPN3,1,2028,0.0040799999999999
REGION1,SENGCHPN3,1,2029,0.0040799999999999
REGION1,SENGCHPN3,1,2030,0.0040799999999999
REGION1,SENGCHPN3,1,2031,0.0040799999999999
REGION1,SENGCHPN3,1,2032,0.0040799999999999
REGION1,SENGCHPN3,1,2033,0.0040799999999999
REGION1,SENGCHPN3,1,2034,0.0040799999999999
REGION1,SENGCHPN3,1,2035,0.0040799999999999
REGION1,SENGCHPN3,1,2036,0.0040799999999999
REGION1,SENGCHPN3,1,2037,0.0040799999999999
REGION1,SENGCHPN3,1,2038,0.0040799999999999
REGION1,SENGCHPN3,1,2039,0.0040799999999999
REGION1,SENGCHPN3,1,2040,0.0040799999999999
REGION1,SENGCHPN3,1,2041,0.0040799999999999
REGION1,SENGCHPN3,1,2042,0.0040799999999999
REGION1,SENGCHPN3,1,2043,0.0040799999999999
REGION1,SENGCHPN3,1,2044,0.0040799999999999
REGION1,SENGCHPN3,1,2045,0.0040799999999999
REGION1,SENGCHPN3,1,2046,0.0040799999999999
REGION1,SENGCHPN3,1,2047,0.0040799999999999
REGION1,SENGCHPN3,1,2048,0.0040799999999999
REGION1,SENGCHPN3,1,2049,0.0040799999999999
REGION1,SENGCHPN3,1,2050,0.0040799999999999
REGION1,SENGCHPN3,1,2051,0.0040799999999999
REGION1,SENGCHPN3,1,2052,0.0040799999999999
REGION1,SENGCHPN3,1,2053,0.0040799999999999
REGION1,SENGCHPN3,1,2054,0.0040799999999999
REGION1,SENGCHPN3,1,2055,0.0040799999999999
REGION1,SENGCHPN3,1,2056,0.0040799999999999
REGION1,SENGCHPN3,1,2057,0.0040799999999999
REGION1,SENGCHPN3,1,2058,0.0040799999999999
REGION1,SENGCHPN3,1,2059,0.0040799999999999
REGION1,SENGCHPN3,1,2060,0.0040799999999999
REGION1,SENGFCFH1,1,2015,0.1224
REGION1,SENGFCFH1,1,2016,0.11118
REGION1,SENGFCFH1,1,2017,0.09996
REGION1,SENGFCFH1,1,2018,0.08874
REGION1,SENGFCFH1,1,2019,0.07752
REGION1,SENGFCFH1,1,2020,0.0663
REGION1,SENGFCFH1,1,2021,0.06222
REGION1,SENGFCFH1,1,2022,0.05814
REGION1,SENGFCFH1,1,2023,0.05406
REGION1,SENGFCFH1,1,2024,0.04998
REGION1,SENGFCFH1,1,2025,0.0459
REGION1,SENGFCFH1,1,2026,0.04182
REGION1,SENGFCFH1,1,2027,0.03774
REGION1,SENGFCFH1,1,2028,0.03366
REGION1,SENGFCFH1,1,2029,0.02958
REGION1,SENGFCFH1,1,2030,0.0255
REGION1,SENGFCFH1,1,2031,0.02397
REGION1,SENGFCFH1,1,2032,0.02244
REGION1,SENGFCFH1,1,2033,0.02091
REGION1,SENGFCFH1,1,2034,0.01938
REGION1,SENGFCFH1,1,2035,0.01785
REGION1,SENGFCFH1,1,2036,0.01632
REGION1,SENGFCFH1,1,2037,0.01479
REGION1,SENGFCFH1,1,2038,0.01326
REGION1,SENGFCFH1,1,2039,0.01173
REGION1,SENGFCFH1,1,2040,0.0102
REGION1,SENGFCFH1,1,2041,0.009996
REGION1,SENGFCFH1,1,2042,0.009792
REGION1,SENGFCFH1,1,2043,0.009588
REGION1,SENGFCFH1,1,2044,0.009384
REGION1,SENGFCFH1,1,2045,0.0091799999999999
REGION1,SENGFCFH1,1,2046,0.008976
REGION1,SENGFCFH1,1,2047,0.008772
REGION1,SENGFCFH1,1,2048,0.008568
REGION1,SENGFCFH1,1,2049,0.008364
REGION1,SENGFCFH1,1,2050,0.0081599999999999
REGION1,SENGFCFH1,1,2051,0.00796
REGION1,SENGFCFH1,1,2052,0.00776
REGION1,SENGFCFH1,1,2053,0.0075599999999999
REGION1,SENGFCFH1,1,2054,0.0073599999999999
REGION1,SENGFCFH1,1,2055,0.00716
REGION1,SENGFCFH1,1,2056,0.0069599999999999
REGION1,SENGFCFH1,1,2057,0.00676
REGION1,SENGFCFH1,1,2058,0.00656
REGION1,SENGFCFH1,1,2059,0.00636
REGION1,SENGFCFH1,1,2060,0.00616
REGION1,SENGGCPH2,1,2015,0.01326
REGION1,SENGGCPH2,1,2016,0.01326
REGION1,SENGGCPH2,1,2017,0.01326
REGION1,SENGGCPH2,1,2018,0.01326
REGION1,SENGGCPH2,1,2019,0.01326
REGION1,SENGGCPH2,1,2020,0.01326
REGION1,SENGGCPH2,1,2021,0.01326
REGION1,SENGGCPH2,1,2022,0.01326
REGION1,SENGGCPH2,1,2023,0.01326
REGION1,SENGGCPH2,1,2024,0.01326
REGION1,SENGGCPH2,1,2025,0.01326
REGION1,SENGGCPH2,1,2026,0.01326
REGION1,SENGGCPH2,1,2027,0.01326
REGION1,SENGGCPH2,1,2028,0.01326
REGION1,SENGGCPH2,1,2029,0.01326
REGION1,SENGGCPH2,1,2030,0.01326
REGION1,SENGGCPH2,1,2031,0.01326
REGION1,SENGGCPH2,1,2032,0.01326
REGION1,SENGGCPH2,1,2033,0.01326
REGION1,SENGGCPH2,1,2034,0.01326
REGION1,SENGGCPH2,1,2035,0.01326
REGION1,SENGGCPH2,1,2036,0.01326
REGION1,SENGGCPH2,1,2037,0.01326
REGION1,SENGGCPH2,1,2038,0.01326
REGION1,SENGGCPH2,1,2039,0.01326
REGION1,SENGGCPH2,1,2040,0.01326
REGION1,SENGGCPH2,1,2041,0.01326
REGION1,SENGGCPH2,1,2042,0.01326
REGION1,SENGGCPH2,1,2043,0.01326
REGION1,SENGGCPH2,1,2044,0.01326
REGION1,SENGGCPH2,1,2045,0.01326
REGION1,SENGGCPH2,1,2046,0.01326
REGION1,SENGGCPH2,1,2047,0.01326
REGION1,SENGGCPH2,1,2048,0.01326
REGION1,SENGGCPH2,1,2049,0.01326
REGION1,SENGGCPH2,1,2050,0.01326
REGION1,SENGGCPH2,1,2051,0.01326
REGION1,SENGGCPH2,1,2052,0.01326
REGION1,SENGGCPH2,1,2053,0.01326
REGION1,SENGGCPH2,1,2054,0.01326
REGION1,SENGGCPH2,1,2055,0.01326
REGION1,SENGGCPH2,1,2056,0.01326
REGION1,SENGGCPH2,1,2057,0.01326
REGION1,SENGGCPH2,1,2058,0.01326
REGION1,SENGGCPH2,1,2059,0.01326
REGION1,SENGGCPH2,1,2060,0.01326
REGION1,SENGGCPN2,1,2015,0.01122
REGION1,SENGGCPN2,1,2016,0.01122
REGION1,SENGGCPN2,1,2017,0.01122
REGION1,SENGGCPN2,1,2018,0.01122
REGION1,SENGGCPN2,1,2019,0.01122
REGION1,SENGGCPN2,1,2020,0.01122
REGION1,SENGGCPN2,1,2021,0.01122
REGION1,SENGGCPN2,1,2022,0.01122
REGION1,SENGGCPN2,1,2023,0.01122
REGION1,SENGGCPN2,1,2024,0.01122
REGION1,SENGGCPN2,1,2025,0.01122
REGION1,SENGGCPN2,1,2026,0.01122
REGION1,SENGGCPN2,1,2027,0.01122
REGION1,SENGGCPN2,1,2028,0.01122
REGION1,SENGGCPN2,1,2029,0.01122
REGION1,SENGGCPN2,1,2030,0.01122
REGION1,SENGGCPN2,1,2031,0.01122
REGION1,SENGGCPN2,1,2032,0.01122
REGION1,SENGGCPN2,1,2033,0.01122
REGION1,SENGGCPN2,1,2034,0.01122
REGION1,SENGGCPN2,1,2035,0.01122
REGION1,SENGGCPN2,1,2036,0.01122
REGION1,SENGGCPN2,1,2037,0.01122
REGION1,SENGGCPN2,1,2038,0.01122
REGION1,SENGGCPN2,1,2039,0.01122
REGION1,SENGGCPN2,1,2040,0.01122
REGION1,SENGGCPN2,1,2041,0.01122
REGION1,SENGGCPN2,1,2042,0.01122
REGION1,SENGGCPN2,1,2043,0.01122
REGION1,SENGGCPN2,1,2044,0.01122
REGION1,SENGGCPN2,1,2045,0.01122
REGION1,SENGGCPN2,1,2046,0.01122
REGION1,SENGGCPN2,1,2047,0.01122
REGION1,SENGGCPN2,1,2048,0.01122
REGION1,SENGGCPN2,1,2049,0.01122
REGION1,SENGGCPN2,1,2050,0.01122
REGION1,SENGGCPN2,1,2051,0.01122
REGION1,SENGGCPN2,1,2052,0.01122
REGION1,SENGGCPN2,1,2053,0.01122
REGION1,SENGGCPN2,1,2054,0.01122
REGION1,SENGGCPN2,1,2055,0.01122
REGION1,SENGGCPN2,1,2056,0.01122
REGION1,SENGGCPN2,1,2057,0.01122
REGION1,SENGGCPN2,1,2058,0.01122
REGION1,SENGGCPN2,1,2059,0.01122
REGION1,SENGGCPN2,1,2060,0.01122
REGION1,SENGHPFH1,1,2015,0.015322598
REGION1,SENGHPFH1,1,2016,0.015322598
REGION1,SENGHPFH1,1,2017,0.015322598
REGION1,SENGHPFH1,1,2018,0.015322598
REGION1,SENGHPFH1,1,2019,0.015322598
REGION1,SENGHPFH1,1,2020,0.015322598
REGION1,SENGHPFH1,1,2021,0.015322598
REGION1,SENGHPFH1,1,2022,0.015322598
REGION1,SENGHPFH1,1,2023,0.015322598
REGION1,SENGHPFH1,1,2024,0.015322598
REGION1,SENGHPFH1,1,2025,0.015322598
REGION1,SENGHPFH1,1,2026,0.015322598
REGION1,SENGHPFH1,1,2027,0.015322598
REGION1,SENGHPFH1,1,2028,0.015322598
REGION1,SENGHPFH1,1,2029,0.015322598
REGION1,SENGHPFH1,1,2030,0.015322598
REGION1,SENGHPFH1,1,2031,0.015322598
REGION1,SENGHPFH1,1,2032,0.015322598
REGION1,SENGHPFH1,1,2033,0.015322598
REGION1,SENGHPFH1,1,2034,0.015322598
REGION1,SENGHPFH1,1,2035,0.015322598
REGION1,SENGHPFH1,1,2036,0.015322598
REGION1,SENGHPFH1,1,2037,0.015322598
REGION1,SENGHPFH1,1,2038,0.015322598
REGION1,SENGHPFH1,1,2039,0.015322598
REGION1,SENGHPFH1,1,2040,0.015322598
REGION1,SENGHPFH1,1,2041,0.015322598
REGION1,SENGHPFH1,1,2042,0.015322598
REGION1,SENGHPFH1,1,2043,0.015322598
REGION1,SENGHPFH1,1,2044,0.015322598
REGION1,SENGHPFH1,1,2045,0.015322598
REGION1,SENGHPFH1,1,2046,0.015322598
REGION1,SENGHPFH1,1,2047,0.015322598
REGION1,SENGHPFH1,1,2048,0.015322598
REGION1,SENGHPFH1,1,2049,0.015322598
REGION1,SENGHPFH1,1,2050,0.015322598
REGION1,SENGHPFH1,1,2051,0.015322598
REGION1,SENGHPFH1,1,2052,0.015322598
REGION1,SENGHPFH1,1,2053,0.015322598
REGION1,SENGHPFH1,1,2054,0.015322598
REGION1,SENGHPFH1,1,2055,0.015322598
REGION1,SENGHPFH1,1,2056,0.015322598
REGION1,SENGHPFH1,1,2057,0.015322598
REGION1,SENGHPFH1,1,2058,0.015322598
REGION1,SENGHPFH1,1,2059,0.015322598
REGION1,SENGHPFH1,1,2060,0.015322598
REGION1,SENGHPPH2,1,2015,0.015322598
REGION1,SENGHPPH2,1,2016,0.015322598
REGION1,SENGHPPH2,1,2017,0.015322598
REGION1,SENGHPPH2,1,2018,0.015322598
REGION1,SENGHPPH2,1,2019,0.015322598
REGION1,SENGHPPH2,1,2020,0.015322598
REGION1,SENGHPPH2,1,2021,0.015322598
REGION1,SENGHPPH2,1,2022,0.015322598
REGION1,SENGHPPH2,1,2023,0.015322598
REGION1,SENGHPPH2,1,2024,0.015322598
REGION1,SENGHPPH2,1,2025,0.015322598
REGION1,SENGHPPH2,1,2026,0.015322598
REGION1,SENGHPPH2,1,2027,0.015322598
REGION1,SENGHPPH2,1,2028,0.015322598
REGION1,SENGHPPH2,1,2029,0.015322598
REGION1,SENGHPPH2,1,2030,0.015322598
REGION1,SENGHPPH2,1,2031,0.015322598
REGION1,SENGHPPH2,1,2032,0.015322598
REGION1,SENGHPPH2,1,2033,0.015322598
REGION1,SENGHPPH2,1,2034,0.015322598
REGION1,SENGHPPH2,1,2035,0.015322598
REGION1,SENGHPPH2,1,2036,0.015322598
REGION1,SENGHPPH2,1,2037,0.015322598
REGION1,SENGHPPH2,1,2038,0.015322598
REGION1,SENGHPPH2,1,2039,0.015322598
REGION1,SENGHPPH2,1,2040,0.015322598
REGION1,SENGHPPH2,1,2041,0.015322598
REGION1,SENGHPPH2,1,2042,0.015322598
REGION1,SENGHPPH2,1,2043,0.015322598
REGION1,SENGHPPH2,1,2044,0.015322598
REGION1,SENGHPPH2,1,2045,0.015322598
REGION1,SENGHPPH2,1,2046,0.015322598
REGION1,SENGHPPH2,1,2047,0.015322598
REGION1,SENGHPPH2,1,2048,0.015322598
REGION1,SENGHPPH2,1,2049,0.015322598
REGION1,SENGHPPH2,1,2050,0.015322598
REGION1,SENGHPPH2,1,2051,0.015322598
REGION1,SENGHPPH2,1,2052,0.015322598
REGION1,SENGHPPH2,1,2053,0.015322598
REGION1,SENGHPPH2,1,2054,0.015322598
REGION1,SENGHPPH2,1,2055,0.015322598
REGION1,SENGHPPH2,1,2056,0.015322598
REGION1,SENGHPPH2,1,2057,0.015322598
REGION1,SENGHPPH2,1,2058,0.015322598
REGION1,SENGHPPH2,1,2059,0.015322598
REGION1,SENGHPPH2,1,2060,0.015322598
REGION1,SENUG2PH3,1,2015,0.013392852
REGION1,SENUG2PH3,1,2016,0.013392852
REGION1,SENUG2PH3,1,2017,0.013392852
REGION1,SENUG2PH3,1,2018,0.013392852
REGION1,SENUG2PH3,1,2019,0.013392852
REGION1,SENUG2PH3,1,2020,0.013392852
REGION1,SENUG2PH3,1,2021,0.013392852
REGION1,SENUG2PH3,1,2022,0.013392852
REGION1,SENUG2PH3,1,2023,0.013392852
REGION1,SENUG2PH3,1,2024,0.013392852
REGION1,SENUG2PH3,1,2025,0.013392852
REGION1,SENUG2PH3,1,2026,0.013392852
REGION1,SENUG2PH3,1,2027,0.013392852
REGION1,SENUG2PH3,1,2028,0.013392852
REGION1,SENUG2PH3,1,2029,0.013392852
REGION1,SENUG2PH3,1,2030,0.013392852
REGION1,SENUG2PH3,1,2031,0.013392852
REGION1,SENUG2PH3,1,2032,0.013392852
REGION1,SENUG2PH3,1,2033,0.013392852
REGION1,SENUG2PH3,1,2034,0.013392852
REGION1,SENUG2PH3,1,2035,0.013392852
REGION1,SENUG2PH3,1,2036,0.013392852
REGION1,SENUG2PH3,1,2037,0.013392852
REGION1,SENUG2PH3,1,2038,0.013392852
REGION1,SENUG2PH3,1,2039,0.013392852
REGION1,SENUG2PH3,1,2040,0.013392852
REGION1,SENUG2PH3,1,2041,0.013392852
REGION1,SENUG2PH3,1,2042,0.013392852
REGION1,SENUG2PH3,1,2043,0.013392852
REGION1,SENUG2PH3,1,2044,0.013392852
REGION1,SENUG2PH3,1,2045,0.013392852
REGION1,SENUG2PH3,1,2046,0.013392852
REGION1,SENUG2PH3,1,2047,0.013392852
REGION1,SENUG2PH3,1,2048,0.013392852
REGION1,SENUG2PH3,1,2049,0.013392852
REGION1,SENUG2PH3,1,2050,0.013392852
REGION1,SENUG2PH3,1,2051,0.013392852
REGION1,SENUG2PH3,1,2052,0.013392852
REGION1,SENUG2PH3,1,2053,0.013392852
REGION1,SENUG2PH3,1,2054,0.013392852
REGION1,SENUG2PH3,1,2055,0.013392852
REGION1,SENUG2PH3,1,2056,0.013392852
REGION1,SENUG2PH3,1,2057,0.013392852
REGION1,SENUG2PH3,1,2058,0.013392852
REGION1,SENUG2PH3,1,2059,0.013392852
REGION1,SENUG2PH3,1,2060,0.013392852
REGION1,SEUR00I00,1,2015,1.301920122
REGION1,SEUR00I00,1,2016,1.301920122
REGION1,SEUR00I00,1,2017,1.301920122
REGION1,SEUR00I00,1,2018,1.301920122
REGION1,SEUR00I00,1,2019,1.301920122
REGION1,SEUR00I00,1,2020,1.301920122
REGION1,SEUR00I00,1,2021,1.301920122
REGION1,SEUR00I00,1,2022,1.301920122
REGION1,SEUR00I00,1,2023,1.301920122
REGION1,SEUR00I00,1,2024,1.301920122
REGION1,SEUR00I00,1,2025,1.301920122
REGION1,SEUR00I00,1,2026,1.301920122
REGION1,SEUR00I00,1,2027,1.301920122
REGION1,SEUR00I00,1,2028,1.301920122
REGION1,SEUR00I00,1,2029,1.301920122
REGION1,SEUR00I00,1,2030,1.301920122
REGION1,SEUR00I00,1,2031,1.301920122
REGION1,SEUR00I00,1,2032,1.301920122
REGION1,SEUR00I00,1,2033,1.301920122
REGION1,SEUR00I00,1,2034,1.301920122
REGION1,SEUR00I00,1,2035,1.301920122
REGION1,SEUR00I00,1,2036,1.301920122
REGION1,SEUR00I00,1,2037,1.301920122
REGION1,SEUR00I00,1,2038,1.301920122
REGION1,SEUR00I00,1,2039,1.301920122
REGION1,SEUR00I00,1,2040,1.301920122
REGION1,SEUR00I00,1,2041,1.301920122
REGION1,SEUR00I00,1,2042,1.301920122
REGION1,SEUR00I00,1,2043,1.301920122
REGION1,SEUR00I00,1,2044,1.301920122
REGION1,SEUR00I00,1,2045,1.301920122
REGION1,SEUR00I00,1,2046,1.301920122
REGION1,SEUR00I00,1,2047,1.301920122
REGION1,SEUR00I00,1,2048,1.301920122
REGION1,SEUR00I00,1,2049,1.301920122
REGION1,SEUR00I00,1,2050,1.301920122
REGION1,SEUR00I00,1,2051,1.301920122
REGION1,SEUR00I00,1,2052,1.301920122
REGION1,SEUR00I00,1,2053,1.301920122
REGION1,SEUR00I00,1,2054,1.301920122
REGION1,SEUR00I00,1,2055,1.301920122
REGION1,SEUR00I00,1,2056,1.301920122
REGION1,SEUR00I00,1,2057,1.301920122
REGION1,SEUR00I00,1,2058,1.301920122
REGION1,SEUR00I00,1,2059,1.301920122
REGION1,SEUR00I00,1,2060,1.301920122
REGION1,SEWSCHPH2,1,2015,0.0070379999999999
REGION1,SEWSCHPH2,1,2016,0.0070379999999999
REGION1,SEWSCHPH2,1,2017,0.0070379999999999
REGION1,SEWSCHPH2,1,2018,0.0070379999999999
REGION1,SEWSCHPH2,1,2019,0.0070379999999999
REGION1,SEWSCHPH2,1,2020,0.0070379999999999
REGION1,SEWSCHPH2,1,2021,0.0070379999999999
REGION1,SEWSCHPH2,1,2022,0.0070379999999999
REGION1,SEWSCHPH2,1,2023,0.0070379999999999
REGION1,SEWSCHPH2,1,2024,0.0070379999999999
REGION1,SEWSCHPH2,1,2025,0.0070379999999999
REGION1,SEWSCHPH2,1,2026,0.0070379999999999
REGION1,SEWSCHPH2,1,2027,0.0070379999999999
REGION1,SEWSCHPH2,1,2028,0.0070379999999999
REGION1,SEWSCHPH2,1,2029,0.0070379999999999
REGION1,SEWSCHPH2,1,2030,0.0070379999999999
REGION1,SEWSCHPH2,1,2031,0.0070379999999999
REGION1,SEWSCHPH2,1,2032,0.0070379999999999
REGION1,SEWSCHPH2,1,2033,0.0070379999999999
REGION1,SEWSCHPH2,1,2034,0.0070379999999999
REGION1,SEWSCHPH2,1,2035,0.0070379999999999
REGION1,SEWSCHPH2,1,2036,0.0070379999999999
REGION1,SEWSCHPH2,1,2037,0.0070379999999999
REGION1,SEWSCHPH2,1,2038,0.0070379999999999
REGION1,SEWSCHPH2,1,2039,0.0070379999999999
REGION1,SEWSCHPH2,1,2040,0.0070379999999999
REGION1,SEWSCHPH2,1,2041,0.0070379999999999
REGION1,SEWSCHPH2,1,2042,0.0070379999999999
REGION1,SEWSCHPH2,1,2043,0.0070379999999999
REGION1,SEWSCHPH2,1,2044,0.0070379999999999
REGION1,SEWSCHPH2,1,2045,0.0070379999999999
REGION1,SEWSCHPH2,1,2046,0.0070379999999999
REGION1,SEWSCHPH2,1,2047,0.0070379999999999
REGION1,SEWSCHPH2,1,2048,0.0070379999999999
REGION1,SEWSCHPH2,1,2049,0.0070379999999999
REGION1,SEWSCHPH2,1,2050,0.0070379999999999
REGION1,SEWSCHPH2,1,2051,0.0070379999999999
REGION1,SEWSCHPH2,1,2052,0.0070379999999999
REGION1,SEWSCHPH2,1,2053,0.0070379999999999
REGION1,SEWSCHPH2,1,2054,0.0070379999999999
REGION1,SEWSCHPH2,1,2055,0.0070379999999999
REGION1,SEWSCHPH2,1,2056,0.0070379999999999
REGION1,SEWSCHPH2,1,2057,0.0070379999999999
REGION1,SEWSCHPH2,1,2058,0.0070379999999999
REGION1,SEWSCHPH2,1,2059,0.0070379999999999
REGION1,SEWSCHPH2,1,2060,0.0070379999999999
REGION1,SEWSSTPH1,1,2015,0.00357
REGION1,SEWSSTPH1,1,2016,0.00357
REGION1,SEWSSTPH1,1,2017,0.00357
REGION1,SEWSSTPH1,1,2018,0.00357
REGION1,SEWSSTPH1,1,2019,0.00357
REGION1,SEWSSTPH1,1,2020,0.00357
REGION1,SEWSSTPH1,1,2021,0.00357
REGION1,SEWSSTPH1,1,2022,0.00357
REGION1,SEWSSTPH1,1,2023,0.00357
REGION1,SEWSSTPH1,1,2024,0.00357
REGION1,SEWSSTPH1,1,2025,0.00357
REGION1,SEWSSTPH1,1,2026,0.00357
REGION1,SEWSSTPH1,1,2027,0.00357
REGION1,SEWSSTPH1,1,2028,0.00357
REGION1,SEWSSTPH1,1,2029,0.00357
REGION1,SEWSSTPH1,1,2030,0.00357
REGION1,SEWSSTPH1,1,2031,0.00357
REGION1,SEWSSTPH1,1,2032,0.00357
REGION1,SEWSSTPH1,1,2033,0.00357
REGION1,SEWSSTPH1,1,2034,0.00357
REGION1,SEWSSTPH1,1,2035,0.00357
REGION1,SEWSSTPH1,1,2036,0.00357
REGION1,SEWSSTPH1,1,2037,0.00357
REGION1,SEWSSTPH1,1,2038,0.00357
REGION1,SEWSSTPH1,1,2039,0.00357
REGION1,SEWSSTPH1,1,2040,0.00357
REGION1,SEWSSTPH1,1,2041,0.00357
REGION1,SEWSSTPH1,1,2042,0.00357
REGION1,SEWSSTPH1,1,2043,0.00357
REGION1,SEWSSTPH1,1,2044,0.00357
REGION1,SEWSSTPH1,1,2045,0.00357
REGION1,SEWSSTPH1,1,2046,0.00357
REGION1,SEWSSTPH1,1,2047,0.00357
REGION1,SEWSSTPH1,1,2048,0.00357
REGION1,SEWSSTPH1,1,2049,0.00357
REGION1,SEWSSTPH1,1,2050,0.00357
REGION1,SEWSSTPH1,1,2051,0.00357
REGION1,SEWSSTPH1,1,2052,0.00357
REGION1,SEWSSTPH1,1,2053,0.00357
REGION1,SEWSSTPH1,1,2054,0.00357
REGION1,SEWSSTPH1,1,2055,0.00357
REGION1,SEWSSTPH1,1,2056,0.00357
REGION1,SEWSSTPH1,1,2057,0.00357
REGION1,SEWSSTPH1,1,2058,0.00357
REGION1,SEWSSTPH1,1,2059,0.00357
REGION1,SEWSSTPH1,1,2060,0.00357
REGION1,SEstCO001,1,2015,216
REGION1,SEstCO001,1,2016,216
REGION1,SEstCO001,1,2017,216
REGION1,SEstCO001,1,2018,216
REGION1,SEstCO001,1,2019,216
REGION1,SEstCO001,1,2020,216
REGION1,SEstCO001,1,2021,216
REGION1,SEstCO001,1,2022,216
REGION1,SEstCO001,1,2023,216
REGION1,SEstCO001,1,2024,216
REGION1,SEstCO001,1,2025,216
REGION1,SEstCO001,1,2026,216
REGION1,SEstCO001,1,2027,216
REGION1,SEstCO001,1,2028,216
REGION1,SEstCO001,1,2029,216
REGION1,SEstCO001,1,2030,216
REGION1,SEstCO001,1,2031,216
REGION1,SEstCO001,1,2032,216
REGION1,SEstCO001,1,2033,216
REGION1,SEstCO001,1,2034,216
REGION1,SEstCO001,1,2035,216
REGION1,SEstCO001,1,2036,216
REGION1,SEstCO001,1,2037,216
REGION1,SEstCO001,1,2038,216
REGION1,SEstCO001,1,2039,216
REGION1,SEstCO001,1,2040,216
REGION1,SEstCO001,1,2041,216
REGION1,SEstCO001,1,2042,216
REGION1,SEstCO001,1,2043,216
REGION1,SEstCO001,1,2044,216
REGION1,SEstCO001,1,2045,216
REGION1,SEstCO001,1,2046,216
REGION1,SEstCO001,1,2047,216
REGION1,SEstCO001,1,2048,216
REGION1,SEstCO001,1,2049,216
REGION1,SEstCO001,1,2050,216
REGION1,SEstCO001,1,2051,216
REGION1,SEstCO001,1,2052,216
REGION1,SEstCO001,1,2053,216
REGION1,SEstCO001,1,2054,216
REGION1,SEstCO001,1,2055,216
REGION1,SEstCO001,1,2056,216
REGION1,SEstCO001,1,2057,216
REGION1,SEstCO001,1,2058,216
REGION1,SEstCO001,1,2059,216
REGION1,SEstCO001,1,2060,216
REGION1,SEstTG002,1,2015,224
REGION1,SEstTG002,1,2016,224
REGION1,SEstTG002,1,2017,224
REGION1,SEstTG002,1,2018,224
REGION1,SEstTG002,1,2019,224
REGION1,SEstTG002,1,2020,224
REGION1,SEstTG002,1,2021,224
REGION1,SEstTG002,1,2022,224
REGION1,SEstTG002,1,2023,224
REGION1,SEstTG002,1,2024,224
REGION1,SEstTG002,1,2025,224
REGION1,SEstTG002,1,2026,224
REGION1,SEstTG002,1,2027,224
REGION1,SEstTG002,1,2028,224
REGION1,SEstTG002,1,2029,224
REGION1,SEstTG002,1,2030,224
REGION1,SEstTG002,1,2031,224
REGION1,SEstTG002,1,2032,224
REGION1,SEstTG002,1,2033,224
REGION1,SEstTG002,1,2034,224
REGION1,SEstTG002,1,2035,224
REGION1,SEstTG002,1,2036,224
REGION1,SEstTG002,1,2037,224
REGION1,SEstTG002,1,2038,224
REGION1,SEstTG002,1,2039,224
REGION1,SEstTG002,1,2040,224
REGION1,SEstTG002,1,2041,224
REGION1,SEstTG002,1,2042,224
REGION1,SEstTG002,1,2043,224
REGION1,SEstTG002,1,2044,224
REGION1,SEstTG002,1,2045,224
REGION1,SEstTG002,1,2046,224
REGION1,SEstTG002,1,2047,224
REGION1,SEstTG002,1,2048,224
REGION1,SEstTG002,1,2049,224
REGION1,SEstTG002,1,2050,224
REGION1,SEstTG002,1,2051,224
REGION1,SEstTG002,1,2052,224
REGION1,SEstTG002,1,2053,224
REGION1,SEstTG002,1,2054,224
REGION1,SEstTG002,1,2055,224
REGION1,SEstTG002,1,2056,224
REGION1,SEstTG002,1,2057,224
REGION1,SEstTG002,1,2058,224
REGION1,SEstTG002,1,2059,224
REGION1,SEstTG002,1,2060,224
REGION1,SEstHY003,1,2015,205
REGION1,SEstHY003,1,2016,205
REGION1,SEstHY003,1,2017,205
REGION1,SEstHY003,1,2018,205
REGION1,SEstHY003,1,2019,205
REGION1,SEstHY003,1,2020,205
REGION1,SEstHY003,1,2021,205
REGION1,SEstHY003,1,2022,205
REGION1,SEstHY003,1,2023,205
REGION1,SEstHY003,1,2024,205
REGION1,SEstHY003,1,2025,205
REGION1,SEstHY003,1,2026,205
REGION1,SEstHY003,1,2027,205
REGION1,SEstHY003,1,2028,205
REGION1,SEstHY003,1,2029,205
REGION1,SEstHY003,1,2030,205
REGION1,SEstHY003,1,2031,205
REGION1,SEstHY003,1,2032,205
REGION1,SEstHY003,1,2033,205
REGION1,SEstHY003,1,2034,205
REGION1,SEstHY003,1,2035,205
REGION1,SEstHY003,1,2036,205
REGION1,SEstHY003,1,2037,205
REGION1,SEstHY003,1,2038,205
REGION1,SEstHY003,1,2039,205
REGION1,SEstHY003,1,2040,205
REGION1,SEstHY003,1,2041,205
REGION1,SEstHY003,1,2042,205
REGION1,SEstHY003,1,2043,205
REGION1,SEstHY003,1,2044,205
REGION1,SEstHY003,1,2045,205
REGION1,SEstHY003,1,2046,205
REGION1,SEstHY003,1,2047,205
REGION1,SEstHY003,1,2048,205
REGION1,SEstHY003,1,2049,205
REGION1,SEstHY003,1,2050,205
REGION1,SEstHY003,1,2051,205
REGION1,SEstHY003,1,2052,205
REGION1,SEstHY003,1,2053,205
REGION1,SEstHY003,1,2054,205
REGION1,SEstHY003,1,2055,205
REGION1,SEstHY003,1,2056,205
REGION1,SEstHY003,1,2057,205
REGION1,SEstHY003,1,2058,205
REGION1,SEstHY003,1,2059,205
REGION1,SEstHY003,1,2060,205
REGION1,SEstCOCC1,1,2015,216
REGION1,SEstCOCC1,1,2016,216
REGION1,SEstCOCC1,1,2017,216
REGION1,SEstCOCC1,1,2018,216
REGION1,SEstCOCC1,1,2019,216
REGION1,SEstCOCC1,1,2020,216
REGION1,SEstCOCC1,1,2021,216
REGION1,SEstCOCC1,1,2022,216
REGION1,SEstCOCC1,1,2023,216
REGION1,SEstCOCC1,1,2024,216
REGION1,SEstCOCC1,1,2025,216
REGION1,SEstCOCC1,1,2026,216
REGION1,SEstCOCC1,1,2027,216
REGION1,SEstCOCC1,1,2028,216
REGION1,SEstCOCC1,1,2029,216
REGION1,SEstCOCC1,1,2030,216
REGION1,SEstCOCC1,1,2031,216
REGION1,SEstCOCC1,1,2032,216
REGION1,SEstCOCC1,1,2033,216
REGION1,SEstCOCC1,1,2034,216
REGION1,SEstCOCC1,1,2035,216
REGION1,SEstCOCC1,1,2036,216
REGION1,SEstCOCC1,1,2037,216
REGION1,SEstCOCC1,1,2038,216
REGION1,SEstCOCC1,1,2039,216
REGION1,SEstCOCC1,1,2040,216
REGION1,SEstCOCC1,1,2041,216
REGION1,SEstCOCC1,1,2042,216
REGION1,SEstCOCC1,1,2043,216
REGION1,SEstCOCC1,1,2044,216
REGION1,SEstCOCC1,1,2045,216
REGION1,SEstCOCC1,1,2046,216
REGION1,SEstCOCC1,1,2047,216
REGION1,SEstCOCC1,1,2048,216
REGION1,SEstCOCC1,1,2049,216
REGION1,SEstCOCC1,1,2050,216
REGION1,SEstCOCC1,1,2051,216
REGION1,SEstCOCC1,1,2052,216
REGION1,SEstCOCC1,1,2053,216
REGION1,SEstCOCC1,1,2054,216
REGION1,SEstCOCC1,1,2055,216
REGION1,SEstCOCC1,1,2056,216
REGION1,SEstCOCC1,1,2057,216
REGION1,SEstCOCC1,1,2058,216
REGION1,SEstCOCC1,1,2059,216
REGION1,SEstCOCC1,1,2060,216
REGION1,SEstTGCC2,1,2015,224
REGION1,SEstTGCC2,1,2016,224
REGION1,SEstTGCC2,1,2017,224
REGION1,SEstTGCC2,1,2018,224
REGION1,SEstTGCC2,1,2019,224
REGION1,SEstTGCC2,1,2020,224
REGION1,SEstTGCC2,1,2021,224
REGION1,SEstTGCC2,1,2022,224
REGION1,SEstTGCC2,1,2023,224
REGION1,SEstTGCC2,1,2024,224
REGION1,SEstTGCC2,1,2025,224
REGION1,SEstTGCC2,1,2026,224
REGION1,SEstTGCC2,1,2027,224
REGION1,SEstTGCC2,1,2028,224
REGION1,SEstTGCC2,1,2029,224
REGION1,SEstTGCC2,1,2030,224
REGION1,SEstTGCC2,1,2031,224
REGION1,SEstTGCC2,1,2032,224
REGION1,SEstTGCC2,1,2033,224
REGION1,SEstTGCC2,1,2034,224
REGION1,SEstTGCC2,1,2035,224
REGION1,SEstTGCC2,1,2036,224
REGION1,SEstTGCC2,1,2037,224
REGION1,SEstTGCC2,1,2038,224
REGION1,SEstTGCC2,1,2039,224
REGION1,SEstTGCC2,1,2040,224
REGION1,SEstTGCC2,1,2041,224
REGION1,SEstTGCC2,1,2042,224
REGION1,SEstTGCC2,1,2043,224
REGION1,SEstTGCC2,1,2044,224
REGION1,SEstTGCC2,1,2045,224
REGION1,SEstTGCC2,1,2046,224
REGION1,SEstTGCC2,1,2047,224
REGION1,SEstTGCC2,1,2048,224
REGION1,SEstTGCC2,1,2049,224
REGION1,SEstTGCC2,1,2050,224
REGION1,SEstTGCC2,1,2051,224
REGION1,SEstTGCC2,1,2052,224
REGION1,SEstTGCC2,1,2053,224
REGION1,SEstTGCC2,1,2054,224
REGION1,SEstTGCC2,1,2055,224
REGION1,SEstTGCC2,1,2056,224
REGION1,SEstTGCC2,1,2057,224
REGION1,SEstTGCC2,1,2058,224
REGION1,SEstTGCC2,1,2059,224
REGION1,SEstTGCC2,1,2060,224